Job_ID,Execution_time
0,5.012143850326538
3,4.676797389984131
1,8.653124570846558
2,7.100420713424683
6,4.872405767440796
5,6.114640474319458
4,8.51895785331726
8,4.161385774612427
7,7.446547031402588
9,7.050385236740112
11,7.835231304168701
10,8.912174224853516
12,7.402903079986572
14,7.046487331390381
13,8.013142585754395
16,6.091198444366455
15,7.819798707962036
18,6.952212810516357
17,8.253562211990356
19,8.765028476715088
