Job_ID,Execution_time
3,2.1245920658111572
0,5.994603633880615
5,5.112340927124023
4,6.282537937164307
6,3.1362993717193604
1,8.853444576263428
2,8.451144456863403
7,7.787141561508179
10,5.434871435165405
8,8.018327713012695
12,4.935842275619507
9,7.723658561706543
11,6.560289621353149
13,7.488598108291626
14,6.041473627090454
16,5.0890913009643555
15,7.881219863891602
18,5.9153289794921875
17,8.655831098556519
19,8.207713842391968
