Job_ID,Execution_time
2,6.522080659866333
3,6.096925735473633
0,7.155423402786255
1,7.80691385269165
4,6.876410245895386
6,6.539399147033691
5,8.811462163925171
7,9.295437812805176
8,8.935848474502563
12,5.132150411605835
9,9.622496128082275
10,7.962188959121704
13,8.494273900985718
11,9.389733791351318
14,7.647561073303223
15,6.866101980209351
17,5.00994348526001
18,6.961255788803101
16,8.698761224746704
19,8.546175003051758
