Job_ID,Execution_time
0,6.739297151565552
1,6.97315239906311
2,4.691689491271973
5,2.0688719749450684
4,5.3861613273620605
3,7.405124664306641
8,4.7790846824646
12,3.2478652000427246
9,5.626600503921509
6,7.1380181312561035
7,7.041909217834473
10,7.338317394256592
11,6.334026098251343
13,5.668675422668457
14,7.337817430496216
15,7.1242382526397705
16,6.141096353530884
18,7.453655242919922
17,8.739184379577637
19,9.933941841125488
