Job_ID,Execution_time
0,6.9883949756622314
1,8.738313436508179
3,7.265992641448975
8,3.342944860458374
2,8.214691638946533
4,7.721436262130737
5,8.349790334701538
7,7.275343894958496
6,8.809249877929688
9,7.719385385513306
15,5.717614412307739
12,8.439594507217407
13,8.113866090774536
10,8.985270977020264
11,8.859981536865234
14,8.440579414367676
16,6.460515022277832
17,6.112996578216553
19,6.535209894180298
18,8.410470724105835
