Job_ID,Execution_time
0,6.384299993515015
1,6.18138575553894
2,6.723165512084961
3,7.096184015274048
5,7.55060076713562
4,7.867585897445679
7,5.987347602844238
8,6.521528005599976
6,7.753392934799194
10,6.1696624755859375
9,7.469963312149048
11,5.630474805831909
12,5.830077886581421
13,3.050865888595581
14,5.796663761138916
15,5.431837797164917
16,7.154968500137329
18,7.555946588516235
17,7.912904977798462
19,9.592981338500977
