Task_id,Worker,Scheduled_time
0_M0,7000,10.01203989982605
0_M1,7001,10.0136878490448
1_M0,7002,11.014997005462646
1_M1,7000,11.016074419021606
2_M0,7001,11.01666784286499
2_M1,7002,11.017164945602417
2_R0,7000,13.019916772842407
3_M0,7001,13.020749807357788
3_M1,7002,13.021251440048218
3_M2,7000,13.022102117538452
4_M0,7001,13.023532390594482
4_M1,7002,13.024191617965698
4_M2,7000,13.024770736694336
0_R0,7001,14.026569366455078
5_M0,7002,14.027714490890503
5_M1,7000,14.02851915359497
5_M2,7001,14.029261589050293
5_M3,7001,14.030394077301025
1_R0,7000,15.031975984573364
3_R0,7001,17.035021781921387
3_R1,7002,17.036180019378662
4_R0,7000,17.037132263183594
6_M0,7001,17.037996530532837
6_M1,7002,17.038535594940186
6_M2,7000,17.03900980949402
5_R0,7001,18.040064573287964
7_M0,7002,18.04143977165222
7_M1,7000,18.04261875152588
7_M2,7001,18.04339623451233
8_M0,7002,18.044174909591675
9_M0,7000,18.045588493347168
9_M1,7001,18.04624581336975
9_M2,7000,18.046761751174927
9_M3,7001,18.04713535308838
10_M0,7002,19.04814577102661
11_M0,7001,19.049124002456665
11_M1,7001,19.049882650375366
12_M0,7000,20.050254821777344
12_M1,7000,20.09247660636902
13_M0,7001,20.092968225479126
13_M1,7000,20.108686447143555
13_M2,7002,20.10922908782959
13_M3,7001,20.124886989593506
14_M0,7001,20.125418186187744
14_M1,7001,21.048722982406616
14_M2,7002,21.049134731292725
14_M3,7001,21.04938769340515
8_R0,7001,21.049646854400635
11_R0,7000,21.049846649169922
6_R0,7001,21.05006694793701
6_R1,7001,21.137076139450073
9_R0,7000,22.052217960357666
7_R0,7001,22.057744026184082
7_R1,7001,22.05816388130188
15_M0,7002,22.0584716796875
15_M1,7000,22.058764219284058
15_M2,7001,22.10564637184143
10_R0,7002,22.120664596557617
10_R1,7000,22.12156057357788
13_R0,7001,22.138322353363037
13_R1,7001,22.154250144958496
12_R0,7000,23.15574073791504
16_M0,7001,23.156044006347656
16_M1,7001,23.15617537498474
14_R0,7002,25.158421993255615
15_R0,7000,26.159932613372803
15_R1,7001,26.160834550857544
17_M0,7002,26.16117286682129
17_M1,7000,26.161453008651733
17_M2,7001,26.16164493560791
18_M0,7002,26.16183829307556
18_M1,7000,26.162019968032837
18_M2,7001,26.16219735145569
18_M3,7000,26.16238021850586
16_R0,7001,27.16364288330078
19_M0,7000,27.16424059867859
18_R0,7001,30.167921543121338
18_R1,7002,30.16915249824524
17_R0,7000,30.16937780380249
17_R1,7001,30.169657945632935
19_R0,7002,30.170011281967163
